chave,numero,natureza,qtdItens,csts,cfops,possivelDevolucao,itensDevolucao,erro
35260721101478000188550010000856721524285020,85672,VENDAS,1,100,6102,NAO,,
35231219712500000184550010000031281111242309,3128,Venda de mercadoria adquiridas e ou recebidas de terceiros,1,0102,6102,NAO,,
35260617050081000137550020000002641944423021,264,VENDA DE MERCADORIA ADQUIRIDA OU RECEBIDA DE TERCEIROS,63,0101,6102,NAO,,
35260626043230000121550010000674521001611742,67452,VENDA,30,0102,6102,NAO,,
35260626043230000121550010000674531001611758,67453,VENDA,22,0102,6102,NAO,,
35260626043230000121550010000674631001612319,67463,VENDA,28,0102,6102,NAO,,
35260626043230000121550010000674681001612552,67468,VENDA,2,0102,6102,NAO,,
35260626043230000121550010000674671001612547,67467,VENDA,2,0102,6102,NAO,,
35260626043230000121550010000674611001612250,67461,VENDA,30,0102,6102,NAO,,
35260626043230000121550010000674621001612273,67462,VENDA,22,0102,6102,NAO,,
35260626043230000121550010000675131001616440,67513,VENDA,30,0102,6102,NAO,,
35260626043230000121550010000675141001616480,67514,VENDA,30,0102,6102,NAO,,
35260626043230000121550010000675061001616208,67506,VENDA,31,0102,6102,NAO,,
35260626043230000121550010000675081001616245,67508,VENDA,32,0102,6102,NAO,,
35260626043230000121550010000675101001616294,67510,VENDA,30,0102,6102,NAO,,
35260626043230000121550010000675201001616622,67520,VENDA,36,0102,6102,NAO,,
35260626043230000121550010000675071001616221,67507,VENDA,31,0102,6102,NAO,,
35260626043230000121550010000675111001616348,67511,VENDA,31,0102,6102,NAO,,
35260626043230000121550010000675151001616517,67515,VENDA,15,0102,6102,NAO,,
35260626043230000121550010000675051001616189,67505,VENDA,31,0102,6102,NAO,,
35260626043230000121550010000675091001616269,67509,VENDA,30,0102,6102,NAO,,
35260626043230000121550010000675121001616388,67512,VENDA,30,0102,6102,NAO,,
35260626043230000121550010000675351001617281,67535,VENDA,34,0102,6102,NAO,,
35260626043230000121550010000675341001617268,67534,VENDA,30,0102,6102,NAO,,
35260626043230000121550010000675361001617335,67536,VENDA,17,0102,6102,NAO,,
35260626043230000121550010000675431001617704,67543,VENDA,15,0102,6102,NAO,,
35260626043230000121550010000675481001617824,67548,VENDA,13,0102,6102,NAO,,
35260626043230000121550010000675441001617728,67544,VENDA,20,0102,6102,NAO,,
35260626043230000121550010000675601001618493,67560,VENDA,35,0102,6102,NAO,,
35260626043230000121550010000675591001618433,67559,VENDA,31,0102,6102,NAO,,
35260626043230000121550010000675621001618560,67562,VENDA,26,0102,6102,NAO,,
35260626043230000121550010000675631001618584,67563,VENDA,29,0102,6102,NAO,,
35260626043230000121550010000675611001618539,67561,VENDA,29,0102,6102,NAO,,
35260626043230000121550010000675681001618807,67568,VENDA,24,0102,6102,NAO,,
35260526043230000121550010000673381001606260,67338,VENDA,30,0102,6102,NAO,,
35260526043230000121550010000673411001606290,67341,VENDA,29,0102,6102,NAO,,
35260526043230000121550010000673431001606317,67343,VENDA,30,0102,6102,NAO,,
35260526043230000121550010000673451001606338,67345,VENDA,30,0102,6102,NAO,,
35260526043230000121550010000673461001606351,67346,VENDA,18,0102,6102,NAO,,
35260526043230000121550010000673491001606388,67349,VENDA,32,0102,6102,NAO,,
35260526043230000121550010000673371001606255,67337,VENDA,30,0102,6102,NAO,,
35260526043230000121550010000673401001606285,67340,VENDA,24,0102,6102,NAO,,
35260526043230000121550010000673391001606276,67339,VENDA,20,0102,6102,NAO,,
35260526043230000121550010000673441001606322,67344,VENDA,33,0102,6102,NAO,,
35260526043230000121550010000673501001606397,67350,VENDA,22,0102,6102,NAO,,
35260526043230000121550010000673421001606301,67342,VENDA,50,0102,6102,NAO,,
35260526043230000121550010000673471001606367,67347,VENDA,37,0102,6102,NAO,,
35260526043230000121550010000673481001606372,67348,VENDA,30,0102,6102,NAO,,
35260526043230000121550010000673851001608468,67385,VENDA,30,0102,6102,NAO,,
35260526043230000121550010000673871001608489,67387,VENDA,32,0102,6102,NAO,,
35260526043230000121550010000673881001608494,67388,VENDA,30,0102,6102,NAO,,
35260526043230000121550010000673921001608535,67392,VENDA,29,0102,6102,NAO,,
35260526043230000121550010000673801001608410,67380,VENDA,22,0102,6102,NAO,,
35260526043230000121550010000673831001608447,67383,VENDA,36,0102,6102,NAO,,
35260526043230000121550010000673931001608540,67393,VENDA,23,0102,6102,NAO,,
35260526043230000121550010000673791001608401,67379,VENDA,25,0102,6102,NAO,,
35260526043230000121550010000673861001608473,67386,VENDA,31,0102,6102,NAO,,
35260526043230000121550010000673901001608514,67390,VENDA,34,0102,6102,NAO,,
35260526043230000121550010000673911001608520,67391,VENDA,32,0102,6102,NAO,,
35260526043230000121550010000673781001608390,67378,VENDA,23,0102,6102,NAO,,
35260526043230000121550010000673811001608426,67381,VENDA,30,0102,6102,NAO,,
35260526043230000121550010000673821001608431,67382,VENDA,23,0102,6102,NAO,,
35260526043230000121550010000673841001608452,67384,VENDA,40,0102,6102,NAO,,
35260526043230000121550010000673891001608505,67389,VENDA,34,0102,6102,NAO,,
35260526043230000121550010000674221001609605,67422,VENDA,18,0102,6102,NAO,,
35260526043230000121550010000674231001609610,67423,VENDA,17,0102,6102,NAO,,
35260526043230000121550010000674251001609631,67425,VENDA,25,0102,6102,NAO,,
35260526043230000121550010000674241001609626,67424,VENDA,25,0102,6102,NAO,,
35260526043230000121550010000674271001609652,67427,VENDA,31,0102,6102,NAO,,
35260526043230000121550010000674211001609594,67421,VENDA,44,0102,6102,NAO,,
35260526043230000121550010000674261001609647,67426,VENDA,14,0102,6102,NAO,,
35260526043230000121550010000674391001610066,67439,VENDA,1,0102,6102,NAO,,
35260526043230000121550010000674401001610075,67440,VENDA,12,0102,6102,NAO,,
35260641916720000189550010000059461000413034,5946,VENDA,11,"0102; 2102",6102,NAO,,
